Episode_reward,Loss,episode
5,inf,0
3,0.40109366178512573,5
5,0.3868030607700348,10
5,0.5577905178070068,15
5,0.922621488571167,20
6,0.5610201358795166,25
3,0.628385066986084,30
6,0.3585301637649536,35
5,0.4277957081794739,40
6,0.38268858194351196,45
4,0.4897421896457672,50
4,0.635780394077301,55
5,0.3592241108417511,60
4,0.46514585614204407,65
6,0.36305323243141174,70
6,0.2916858494281769,75
3,0.538826584815979,80
8,0.5330394506454468,85
7,0.4651127755641937,90
5,0.5221177935600281,95
