Episode_reward,Loss,episode
2.0,inf,0
2.0,inf,5
2.0,0.3921743929386139,10
2.0,0.373881995677948,15
2.0,0.2964833378791809,20
2.0,0.2727612853050232,25
